hotel_name,location,price,rating,score,review,link
"Treebo Premium Dona Eliza, 700 Meters From Calangute Beach",Calangute,"₹ 2,878",Good,7.7,170 reviews,https://www.booking.com/hotel/in/treebo-trend-dona-eliza.html?label=gen173nr-10CAEoggI46AdIM1gEaGyIAQGYATO4ARfIAQzYAQPoAQH4AQGIAgGoAgG4Au7DlcwGwAIB0gIkMTFiZTlkNWYtMWU1MC00NTI5LWJjZmItZTVjNWQ1YzhkYTBm2AIB4AIB&aid=304142&ucfs=1&arphpl=1&checkin=2026-02-22&checkout=2026-02-23&dest_id=4127&dest_type=region&group_adults=2&req_adults=2&no_rooms=1&group_children=0&req_children=0&hpos=1&hapos=1&sr_order=popularity&srpvid=72432266572c6a42ac0d7112df2f3048&srepoch=1770874425&all_sr_blocks=483137201_400592792_2_1_0_316504&highlighted_blocks=483137201_400592792_2_1_0_316504&matching_block_id=483137201_400592792_2_1_0_316504&sr_pri_blocks=483137201_400592792_2_1_0_316504_287760&from=searchresults
Fairfield by Marriott Goa Benaulim,Benaulim,"₹ 10,000",Excellent,8.7,868 reviews,https://www.booking.com/hotel/in/fairfield-by-marriott-goa-benaulim.html?label=gen173nr-10CAEoggI46AdIM1gEaGyIAQGYATO4ARfIAQzYAQPoAQH4AQGIAgGoAgG4Au7DlcwGwAIB0gIkMTFiZTlkNWYtMWU1MC00NTI5LWJjZmItZTVjNWQ1YzhkYTBm2AIB4AIB&aid=304142&ucfs=1&arphpl=1&checkin=2026-02-22&checkout=2026-02-23&dest_id=4127&dest_type=region&group_adults=2&req_adults=2&no_rooms=1&group_children=0&req_children=0&hpos=2&hapos=2&sr_order=popularity&srpvid=72432266572c6a42ac0d7112df2f3048&srepoch=1770874425&all_sr_blocks=752648301_424176582_0_42_0&highlighted_blocks=752648301_424176582_0_42_0&matching_block_id=752648301_424176582_0_42_0&sr_pri_blocks=752648301_424176582_0_42_0__1000000&nad_id=904753f6-b74c-4a1c-992a-48c601f989c9_2&nad_cpc=0.64&nad_track=eyJhdWN0aW9uRXBvY2giOjE3NzA4NzQ0MjUwMzYsInJhbmsiOjEsImtvZGRpVHJhY2tpbmdJbmZvIjoiRmM5allqWVBHV3FQdGFESWxMbGdNTUhsM3lHTU5RM05uRUs3Ry9BNzJ4UE4yYzd6bTg1cjBiSHB5QjdOK25RNWJDQWhwazZ3eG9Lc0ZqdENJTFVrbytJbCtOakYxRXhwbzVLMkYrb1pqOFNxaVdubUR6VDZrT0NXWk9pdVJvZmhwT0JVMzhadFZBQURzRlVhSGZmZCt5TEt3VTJDNm9SUy8yVDVzK2M5eVdQZWlUNnBISXE4dEN1QzJPcm1zUEs4NEQ1NWQ3OUFRT1NnOGVBd1BFeTZtOFRONlZCcG5ncGJoUHl0emFOZU5NRXpwU1orNkJ6eWFBNkIrWG9oUFpWTFFYS2xlUTVSd3drN0t6K3FqbkNEbjIvM21zNTZoNllOY2tFS1JMVS9adGg0WnFjSlhpOVNSVTNySVFaZThTVTlxcjNweWFOSkJZL3gvOWZNRUFodnMzZ2NFR3JHL212MngyZ3lpelFMbHYwZWIrczRnaVVweTZkTWJmcmczKzBBZlByUi85Qld3V0FZcWVXcTFNYmFuLzB3Q3dNM002bzZxVXk3aHgyeUdWM2ZoR21rNlZsUTVhbDNGcmtqdGhLeFdsQ1RqSnVnek5QOTVTdzFHUy9RNUdyTVFQSG92YnNQSkVPTUFRbWUrRUtxQTBRUkkxU2FRUEE2U2M0MWdzWkd0aE5hN2VKZlJBdTc2MUQ0amRYTGN1M3Z3S3hJZmhLNmYxRnZrZ0JGTXlrTWdQMEJ3R2ZDbXlyNWIxQWtGRVlGYTl5aW1KYlFGNVNhVXJNd3hVWHl4Z1lFaWNwYSs1SW14TVQwd2Ixb09jS0VpTkR5MWFWckpKQStDVThMekc1dURYU3F4V2RrMlhYdGJiVHZ0T1AwVW5iTVBBUjc1bmVQd1JqNUtwd1lJRk1XWGkwWlBRb0FieGpQenc1Q1VyTlJSczl6MVV4aTU1K2tJakFsWGpXUWg1TENubUR2ZjVxUHFYRzVVNXlqY3RvU3QzcmI3WmJxWXkvUEhoMmcxNGVWU3NYcEJKYWFwYU1FNlhpR25WSVB4bkZVVVc4YnNkMnMrenpTSHpBU3hYR3BHckE1cFRXd1ZJakFENkIxZS9sNG14L09SYUp4M0w0R3B3eTU2VS9EWlloWmxreG03VFowODY1c3FUYUdlVFdhRkN5TWVpVUhwMGhCUTNLdFkrSkcwSnRkRWdlbFB2RThoejgzeFkvUU9yKzBjcUhCWkpzQXdIbkRPNlFQNkhXUEhOTy9WN3pmc0poWHltN2ZpRHI4WFd6ZFpJelZZcVFuTlg1MDgxbG9STGZDSnhlMzREcFB1NDdkYVlyMWJYenhoN0plU25ZWkh2RnF0bituRGU5Qzk1RXc3U1d5Mnk3SWo1STJ0cnJNbGFpbWh5TEFIYzQ2Z05WZi9WeXVjempVTSsxZGljVm5pTDZ1YjFEd1hKbXQySmc4VzVuOEF2UXVpOHBVRE56eVJkSS9WMTdoVjVpYlZ4djl3cVdtSlRWYlNYL2tINnRoVEp2KzMzS0VoaEM4UmREd1NxalJhUURvOUxub2d4VHNuTlVtb25FV0NBdml1SUVGalNMRTlURzkyM2JlZ2huamJsQ05YOVNzRGdIK3dEbHpSeWV1Qnk0NC8vZVpWaVBhK3c1YSsxeGk5blNiMGo3U2tqZjZKcWJDbkFDdk9jMmVSREcrNFEzY1VGMHNKTlJNT2pZQ2ZON3BZRDBkZk5hZWZOUWgvUm1oYzFhZjBETTFLRDdteVV1UWhxek0rRE13ZWlqNHNvOEdOSEgyeUg4UENpWDh4dlVKekgxT1lldno1VzExVGZObnVuR0g4dytSb0ZhQW55c0ErZU95QlJ5OWh2MEIrTXRxajVUR1poVTR4ZFFnTE5TOW5vOXlNYWZlc0dzVUxaVVpzN0hPcUYxak81NUpJdHNIYVNmdWhkWEdtZTM4a1ZOWjRyZWF2Nktza0l5Y1FsT3N3cW0vOFdlQjNacFhzLzJjaHZGOWxkSTlVdytKeThyLzlKSHRPbTI2MUJpdG10Wm4zQ0k9In0%3D&nad_placement=SR_MAIN&from=searchresults
Ginger Goa Candolim,Candolim,"₹ 4,099",Very Good,8.0,377 reviews,https://www.booking.com/hotel/in/ginger-goa-candolim.html?label=gen173nr-10CAEoggI46AdIM1gEaGyIAQGYATO4ARfIAQzYAQPoAQH4AQGIAgGoAgG4Au7DlcwGwAIB0gIkMTFiZTlkNWYtMWU1MC00NTI5LWJjZmItZTVjNWQ1YzhkYTBm2AIB4AIB&aid=304142&ucfs=1&arphpl=1&checkin=2026-02-22&checkout=2026-02-23&dest_id=4127&dest_type=region&group_adults=2&req_adults=2&no_rooms=1&group_children=0&req_children=0&hpos=3&hapos=3&sr_order=popularity&srpvid=72432266572c6a42ac0d7112df2f3048&srepoch=1770874425&all_sr_blocks=1313742303_404416798_2_42_0&highlighted_blocks=1313742303_404416798_2_42_0&matching_block_id=1313742303_404416798_2_42_0&sr_pri_blocks=1313742303_404416798_2_42_0__409900&from=searchresults
Treebo Sunshine Beach Resort,Calangute,"₹ 1,921",Review score,6.9,52 reviews,https://www.booking.com/hotel/in/sunshine-resort-goa.html?label=gen173nr-10CAEoggI46AdIM1gEaGyIAQGYATO4ARfIAQzYAQPoAQH4AQGIAgGoAgG4Au7DlcwGwAIB0gIkMTFiZTlkNWYtMWU1MC00NTI5LWJjZmItZTVjNWQ1YzhkYTBm2AIB4AIB&aid=304142&ucfs=1&arphpl=1&checkin=2026-02-22&checkout=2026-02-23&dest_id=4127&dest_type=region&group_adults=2&req_adults=2&no_rooms=1&group_children=0&req_children=0&hpos=4&hapos=4&sr_order=popularity&srpvid=72432266572c6a42ac0d7112df2f3048&srepoch=1770874425&all_sr_blocks=1106834305_428636914_2_0_0_1230179&highlighted_blocks=1106834305_428636914_2_0_0_1230179&matching_block_id=1106834305_428636914_2_0_0_1230179&sr_pri_blocks=1106834305_428636914_2_0_0_1230179_192104&from=searchresults
The Goa Beach Resort - Best Selling Property in Goa,Calangute,"₹ 2,250",Good,7.1,157 reviews,https://www.booking.com/hotel/in/the-brandon-gate.html?label=gen173nr-10CAEoggI46AdIM1gEaGyIAQGYATO4ARfIAQzYAQPoAQH4AQGIAgGoAgG4Au7DlcwGwAIB0gIkMTFiZTlkNWYtMWU1MC00NTI5LWJjZmItZTVjNWQ1YzhkYTBm2AIB4AIB&aid=304142&ucfs=1&arphpl=1&checkin=2026-02-22&checkout=2026-02-23&dest_id=4127&dest_type=region&group_adults=2&req_adults=2&no_rooms=1&group_children=0&req_children=0&hpos=5&hapos=5&sr_order=popularity&srpvid=72432266572c6a42ac0d7112df2f3048&srepoch=1770874425&all_sr_blocks=1361257201_423606370_2_2_0&highlighted_blocks=1361257201_423606370_2_2_0&matching_block_id=1361257201_423606370_2_2_0&sr_pri_blocks=1361257201_423606370_2_2_0__225000&from=searchresults
Casa Euphoria Apartments,Calangute,"₹ 1,151",Review score,6.5,159 reviews,https://www.booking.com/hotel/in/casa-euphoria-apartments.html?label=gen173nr-10CAEoggI46AdIM1gEaGyIAQGYATO4ARfIAQzYAQPoAQH4AQGIAgGoAgG4Au7DlcwGwAIB0gIkMTFiZTlkNWYtMWU1MC00NTI5LWJjZmItZTVjNWQ1YzhkYTBm2AIB4AIB&aid=304142&ucfs=1&arphpl=1&checkin=2026-02-22&checkout=2026-02-23&dest_id=4127&dest_type=region&group_adults=2&req_adults=2&no_rooms=1&group_children=0&req_children=0&hpos=6&hapos=6&sr_order=popularity&srpvid=72432266572c6a42ac0d7112df2f3048&srepoch=1770874425&all_sr_blocks=1305060203_403359761_2_0_0&highlighted_blocks=1305060203_403359761_2_0_0&matching_block_id=1305060203_403359761_2_0_0&sr_pri_blocks=1305060203_403359761_2_0_0__115128&from=searchresults
FabHotel Prime The King's Court - Nr Calangute Beach,Calangute,"₹ 2,694",Review score,6.3,119 reviews,https://www.booking.com/hotel/in/fabhotel-king-39-s-court.html?label=gen173nr-10CAEoggI46AdIM1gEaGyIAQGYATO4ARfIAQzYAQPoAQH4AQGIAgGoAgG4Au7DlcwGwAIB0gIkMTFiZTlkNWYtMWU1MC00NTI5LWJjZmItZTVjNWQ1YzhkYTBm2AIB4AIB&aid=304142&ucfs=1&arphpl=1&checkin=2026-02-22&checkout=2026-02-23&dest_id=4127&dest_type=region&group_adults=2&req_adults=2&no_rooms=1&group_children=0&req_children=0&hpos=7&hapos=7&sr_order=popularity&srpvid=72432266572c6a42ac0d7112df2f3048&srepoch=1770874425&all_sr_blocks=237796406_410205623_2_42_0_907500&highlighted_blocks=237796406_410205623_2_42_0_907500&matching_block_id=237796406_410205623_2_42_0_907500&sr_pri_blocks=237796406_410205623_2_42_0_907500_269369&from=searchresults
Rosa Bella Resort,Calangute,"₹ 1,658",Very Good,8.3,42 reviews,https://www.booking.com/hotel/in/calangute-turista-calangute12.html?label=gen173nr-10CAEoggI46AdIM1gEaGyIAQGYATO4ARfIAQzYAQPoAQH4AQGIAgGoAgG4Au7DlcwGwAIB0gIkMTFiZTlkNWYtMWU1MC00NTI5LWJjZmItZTVjNWQ1YzhkYTBm2AIB4AIB&aid=304142&ucfs=1&arphpl=1&checkin=2026-02-22&checkout=2026-02-23&dest_id=4127&dest_type=region&group_adults=2&req_adults=2&no_rooms=1&group_children=0&req_children=0&hpos=8&hapos=8&sr_order=popularity&srpvid=72432266572c6a42ac0d7112df2f3048&srepoch=1770874425&all_sr_blocks=786350004_427277623_2_0_0&highlighted_blocks=786350004_427277623_2_0_0&matching_block_id=786350004_427277623_2_0_0&sr_pri_blocks=786350004_427277623_2_0_0__165800&from=searchresults
Resort de alcazar,Calangute,"₹ 1,805",Review score,5.4,26 reviews,https://www.booking.com/hotel/in/resort-de-alcazar-calangute.html?label=gen173nr-10CAEoggI46AdIM1gEaGyIAQGYATO4ARfIAQzYAQPoAQH4AQGIAgGoAgG4Au7DlcwGwAIB0gIkMTFiZTlkNWYtMWU1MC00NTI5LWJjZmItZTVjNWQ1YzhkYTBm2AIB4AIB&aid=304142&ucfs=1&arphpl=1&checkin=2026-02-22&checkout=2026-02-23&dest_id=4127&dest_type=region&group_adults=2&req_adults=2&no_rooms=1&group_children=0&req_children=0&hpos=9&hapos=9&sr_order=popularity&srpvid=72432266572c6a42ac0d7112df2f3048&srepoch=1770874425&all_sr_blocks=1461826101_417488069_2_1_0&highlighted_blocks=1461826101_417488069_2_1_0&matching_block_id=1461826101_417488069_2_1_0&sr_pri_blocks=1461826101_417488069_2_1_0__180533&from=searchresults
Treebo Clarissa Resort Goa,Saligao,"₹ 2,053",Good,7.0,21 reviews,https://www.booking.com/hotel/in/clarissa-resort-goa.html?label=gen173nr-10CAEoggI46AdIM1gEaGyIAQGYATO4ARfIAQzYAQPoAQH4AQGIAgGoAgG4Au7DlcwGwAIB0gIkMTFiZTlkNWYtMWU1MC00NTI5LWJjZmItZTVjNWQ1YzhkYTBm2AIB4AIB&aid=304142&ucfs=1&arphpl=1&checkin=2026-02-22&checkout=2026-02-23&dest_id=4127&dest_type=region&group_adults=2&req_adults=2&no_rooms=1&group_children=0&req_children=0&hpos=10&hapos=10&sr_order=popularity&srpvid=72432266572c6a42ac0d7112df2f3048&srepoch=1770874425&all_sr_blocks=812409504_419001619_2_1_0_1348208&highlighted_blocks=812409504_419001619_2_1_0_1348208&matching_block_id=812409504_419001619_2_1_0_1348208&sr_pri_blocks=812409504_419001619_2_1_0_1348208_205335&from=searchresults
De Amour - A Dreamy Getaway in Anjuna,Anjuna,"₹ 2,579",Good,7.7,23 reviews,https://www.booking.com/hotel/in/de-amour-anjuna1.html?label=gen173nr-10CAEoggI46AdIM1gEaGyIAQGYATO4ARfIAQzYAQPoAQH4AQGIAgGoAgG4Au7DlcwGwAIB0gIkMTFiZTlkNWYtMWU1MC00NTI5LWJjZmItZTVjNWQ1YzhkYTBm2AIB4AIB&aid=304142&ucfs=1&arphpl=1&checkin=2026-02-22&checkout=2026-02-23&dest_id=4127&dest_type=region&group_adults=2&req_adults=2&no_rooms=1&group_children=0&req_children=0&hpos=11&hapos=11&sr_order=popularity&srpvid=72432266572c6a42ac0d7112df2f3048&srepoch=1770874425&all_sr_blocks=776838702_394737653_2_0_0&highlighted_blocks=776838702_394737653_2_0_0&matching_block_id=776838702_394737653_2_0_0&sr_pri_blocks=776838702_394737653_2_0_0__257940&from=searchresults
Treebo Gulmohar Beach Resort with Pool,Calangute,"₹ 2,520",Review score,6.4,81 reviews,https://www.booking.com/hotel/in/gulmohar-beach-resort-and-cottages-calangute.html?label=gen173nr-10CAEoggI46AdIM1gEaGyIAQGYATO4ARfIAQzYAQPoAQH4AQGIAgGoAgG4Au7DlcwGwAIB0gIkMTFiZTlkNWYtMWU1MC00NTI5LWJjZmItZTVjNWQ1YzhkYTBm2AIB4AIB&aid=304142&ucfs=1&arphpl=1&checkin=2026-02-22&checkout=2026-02-23&dest_id=4127&dest_type=region&group_adults=2&req_adults=2&no_rooms=1&group_children=0&req_children=0&hpos=12&hapos=12&sr_order=popularity&srpvid=72432266572c6a42ac0d7112df2f3048&srepoch=1770874425&all_sr_blocks=846538303_400592849_2_0_0_135876&highlighted_blocks=846538303_400592849_2_0_0_135876&matching_block_id=846538303_400592849_2_0_0_135876&sr_pri_blocks=846538303_400592849_2_0_0_135876_252044&from=searchresults
FabHotel Luminous Beach Resort - Nr Morjim Beach,Morjim,"₹ 1,362",Review score,5.8,14 reviews,https://www.booking.com/hotel/in/elysian-heaven.html?label=gen173nr-10CAEoggI46AdIM1gEaGyIAQGYATO4ARfIAQzYAQPoAQH4AQGIAgGoAgG4Au7DlcwGwAIB0gIkMTFiZTlkNWYtMWU1MC00NTI5LWJjZmItZTVjNWQ1YzhkYTBm2AIB4AIB&aid=304142&ucfs=1&arphpl=1&checkin=2026-02-22&checkout=2026-02-23&dest_id=4127&dest_type=region&group_adults=2&req_adults=2&no_rooms=1&group_children=0&req_children=0&hpos=13&hapos=13&sr_order=popularity&srpvid=72432266572c6a42ac0d7112df2f3048&srepoch=1770874425&all_sr_blocks=1376545602_412831348_0_2_0&highlighted_blocks=1376545602_412831348_0_2_0&matching_block_id=1376545602_412831348_0_2_0&sr_pri_blocks=1376545602_412831348_0_2_0__136200&from=searchresults
Olive Zip Calangute Mira by Embassy Group,Calangute,"₹ 2,156",Very Good,8.0,238 reviews,https://www.booking.com/hotel/in/mira-calangute1.html?label=gen173nr-10CAEoggI46AdIM1gEaGyIAQGYATO4ARfIAQzYAQPoAQH4AQGIAgGoAgG4Au7DlcwGwAIB0gIkMTFiZTlkNWYtMWU1MC00NTI5LWJjZmItZTVjNWQ1YzhkYTBm2AIB4AIB&aid=304142&ucfs=1&arphpl=1&checkin=2026-02-22&checkout=2026-02-23&dest_id=4127&dest_type=region&group_adults=2&req_adults=2&no_rooms=1&group_children=0&req_children=0&hpos=14&hapos=14&sr_order=popularity&srpvid=72432266572c6a42ac0d7112df2f3048&srepoch=1770874425&all_sr_blocks=725976601_423502204_2_0_0&highlighted_blocks=725976601_423502204_2_0_0&matching_block_id=725976601_423502204_2_0_0&sr_pri_blocks=725976601_423502204_2_0_0__215600&from=searchresults
FabHotel K7 Trends - Nr Calangute Beach,Calangute,"₹ 2,265",Good,7.9,284 reviews,https://www.booking.com/hotel/in/fabhotel-k7-trends-agar-vaddo.html?label=gen173nr-10CAEoggI46AdIM1gEaGyIAQGYATO4ARfIAQzYAQPoAQH4AQGIAgGoAgG4Au7DlcwGwAIB0gIkMTFiZTlkNWYtMWU1MC00NTI5LWJjZmItZTVjNWQ1YzhkYTBm2AIB4AIB&aid=304142&ucfs=1&arphpl=1&checkin=2026-02-22&checkout=2026-02-23&dest_id=4127&dest_type=region&group_adults=2&req_adults=2&no_rooms=1&group_children=0&req_children=0&hpos=15&hapos=15&sr_order=popularity&srpvid=72432266572c6a42ac0d7112df2f3048&srepoch=1770874425&all_sr_blocks=490669001_410205478_2_2_0_907449&highlighted_blocks=490669001_410205478_2_2_0_907449&matching_block_id=490669001_410205478_2_2_0_907449&sr_pri_blocks=490669001_410205478_2_2_0_907449_226525&from=searchresults
"The Porto by Lagom, Anjuna, Vagator beach",Vagator,"₹ 3,550",Good,7.5,307 reviews,https://www.booking.com/hotel/in/the-porto-vagator.html?label=gen173nr-10CAEoggI46AdIM1gEaGyIAQGYATO4ARfIAQzYAQPoAQH4AQGIAgGoAgG4Au7DlcwGwAIB0gIkMTFiZTlkNWYtMWU1MC00NTI5LWJjZmItZTVjNWQ1YzhkYTBm2AIB4AIB&aid=304142&ucfs=1&arphpl=1&checkin=2026-02-22&checkout=2026-02-23&dest_id=4127&dest_type=region&group_adults=2&req_adults=2&no_rooms=1&group_children=0&req_children=0&hpos=16&hapos=16&sr_order=popularity&srpvid=72432266572c6a42ac0d7112df2f3048&srepoch=1770874425&all_sr_blocks=706573602_411229591_2_2_0_562969&highlighted_blocks=706573602_411229591_2_2_0_562969&matching_block_id=706573602_411229591_2_2_0_562969&sr_pri_blocks=706573602_411229591_2_2_0_562969_355000&from=searchresults
HOLIDAY LUXURY APARTMENT,Arpora,"₹ 3,500",Review score,6.8,42 reviews,https://www.booking.com/hotel/in/holiday-luxury-apartment.html?label=gen173nr-10CAEoggI46AdIM1gEaGyIAQGYATO4ARfIAQzYAQPoAQH4AQGIAgGoAgG4Au7DlcwGwAIB0gIkMTFiZTlkNWYtMWU1MC00NTI5LWJjZmItZTVjNWQ1YzhkYTBm2AIB4AIB&aid=304142&ucfs=1&arphpl=1&checkin=2026-02-22&checkout=2026-02-23&dest_id=4127&dest_type=region&group_adults=2&req_adults=2&no_rooms=1&group_children=0&req_children=0&hpos=17&hapos=17&sr_order=popularity&srpvid=72432266572c6a42ac0d7112df2f3048&srepoch=1770874425&all_sr_blocks=1055639401_428432448_0_0_0&highlighted_blocks=1055639401_428432448_0_0_0&matching_block_id=1055639401_428432448_0_0_0&sr_pri_blocks=1055639401_428432448_0_0_0__350000&from=searchresults
Calangute Beach Palms,Calangute,"₹ 2,250",Very Good,8.4,34 reviews,https://www.booking.com/hotel/in/baga-beach-avenue-goa1.html?label=gen173nr-10CAEoggI46AdIM1gEaGyIAQGYATO4ARfIAQzYAQPoAQH4AQGIAgGoAgG4Au7DlcwGwAIB0gIkMTFiZTlkNWYtMWU1MC00NTI5LWJjZmItZTVjNWQ1YzhkYTBm2AIB4AIB&aid=304142&ucfs=1&arphpl=1&checkin=2026-02-22&checkout=2026-02-23&dest_id=4127&dest_type=region&group_adults=2&req_adults=2&no_rooms=1&group_children=0&req_children=0&hpos=18&hapos=18&sr_order=popularity&srpvid=72432266572c6a42ac0d7112df2f3048&srepoch=1770874425&all_sr_blocks=993001201_372252380_2_0_0&highlighted_blocks=993001201_372252380_2_0_0&matching_block_id=993001201_372252380_2_0_0&sr_pri_blocks=993001201_372252380_2_0_0__225000&from=searchresults
Roseal Beach Front,Baga,"₹ 2,400",Very Good,8.4,527 reviews,https://www.booking.com/hotel/in/roseal-beach-front1.html?label=gen173nr-10CAEoggI46AdIM1gEaGyIAQGYATO4ARfIAQzYAQPoAQH4AQGIAgGoAgG4Au7DlcwGwAIB0gIkMTFiZTlkNWYtMWU1MC00NTI5LWJjZmItZTVjNWQ1YzhkYTBm2AIB4AIB&aid=304142&ucfs=1&arphpl=1&checkin=2026-02-22&checkout=2026-02-23&dest_id=4127&dest_type=region&group_adults=2&req_adults=2&no_rooms=1&group_children=0&req_children=0&hpos=19&hapos=19&sr_order=popularity&srpvid=72432266572c6a42ac0d7112df2f3048&srepoch=1770874425&all_sr_blocks=1134888418_387567740_4_2_0&highlighted_blocks=1134888418_387567740_4_2_0&matching_block_id=1134888418_387567740_4_2_0&sr_pri_blocks=1134888418_387567740_4_2_0__240000&from=searchresults
Baga Beach Sea Salacia Wellness And Spa,Goa,"₹ 3,000",Good,7.9,121 reviews,https://www.booking.com/hotel/in/sea-salacia.html?label=gen173nr-10CAEoggI46AdIM1gEaGyIAQGYATO4ARfIAQzYAQPoAQH4AQGIAgGoAgG4Au7DlcwGwAIB0gIkMTFiZTlkNWYtMWU1MC00NTI5LWJjZmItZTVjNWQ1YzhkYTBm2AIB4AIB&aid=304142&ucfs=1&arphpl=1&checkin=2026-02-22&checkout=2026-02-23&dest_id=4127&dest_type=region&group_adults=2&req_adults=2&no_rooms=1&group_children=0&req_children=0&hpos=20&hapos=20&sr_order=popularity&srpvid=72432266572c6a42ac0d7112df2f3048&srepoch=1770874425&all_sr_blocks=1336426404_406098301_3_0_0&highlighted_blocks=1336426404_406098301_3_0_0&matching_block_id=1336426404_406098301_3_0_0&sr_pri_blocks=1336426404_406098301_3_0_0__300000&from=searchresults
Beach Edge Calangute,Calangute,"₹ 1,799",Good,7.7,259 reviews,https://www.booking.com/hotel/in/beach-edge-calangute.html?label=gen173nr-10CAEoggI46AdIM1gEaGyIAQGYATO4ARfIAQzYAQPoAQH4AQGIAgGoAgG4Au7DlcwGwAIB0gIkMTFiZTlkNWYtMWU1MC00NTI5LWJjZmItZTVjNWQ1YzhkYTBm2AIB4AIB&aid=304142&ucfs=1&arphpl=1&checkin=2026-02-22&checkout=2026-02-23&dest_id=4127&dest_type=region&group_adults=2&req_adults=2&no_rooms=1&group_children=0&req_children=0&hpos=21&hapos=21&sr_order=popularity&srpvid=72432266572c6a42ac0d7112df2f3048&srepoch=1770874425&all_sr_blocks=1243351720_422312658_3_0_0&highlighted_blocks=1243351720_422312658_3_0_0&matching_block_id=1243351720_422312658_3_0_0&sr_pri_blocks=1243351720_422312658_3_0_0__179900&from=searchresults
Arotel Rooms & Suites Calangute,Calangute,"₹ 2,297",Excellent,8.6,63 reviews,https://www.booking.com/hotel/in/arotel-rooms-and-suites.html?label=gen173nr-10CAEoggI46AdIM1gEaGyIAQGYATO4ARfIAQzYAQPoAQH4AQGIAgGoAgG4Au7DlcwGwAIB0gIkMTFiZTlkNWYtMWU1MC00NTI5LWJjZmItZTVjNWQ1YzhkYTBm2AIB4AIB&aid=304142&ucfs=1&arphpl=1&checkin=2026-02-22&checkout=2026-02-23&dest_id=4127&dest_type=region&group_adults=2&req_adults=2&no_rooms=1&group_children=0&req_children=0&hpos=22&hapos=22&sr_order=popularity&srpvid=72432266572c6a42ac0d7112df2f3048&srepoch=1770874425&all_sr_blocks=155645806_382196330_2_0_0&highlighted_blocks=155645806_382196330_2_0_0&matching_block_id=155645806_382196330_2_0_0&sr_pri_blocks=155645806_382196330_2_0_0__229676&from=searchresults
FabHotel Prestige - Nr Maapusa Bus Stop,Guirim,"₹ 2,027",Good,7.5,41 reviews,https://www.booking.com/hotel/in/fabhotel-prestige.html?label=gen173nr-10CAEoggI46AdIM1gEaGyIAQGYATO4ARfIAQzYAQPoAQH4AQGIAgGoAgG4Au7DlcwGwAIB0gIkMTFiZTlkNWYtMWU1MC00NTI5LWJjZmItZTVjNWQ1YzhkYTBm2AIB4AIB&aid=304142&ucfs=1&arphpl=1&checkin=2026-02-22&checkout=2026-02-23&dest_id=4127&dest_type=region&group_adults=2&req_adults=2&no_rooms=1&group_children=0&req_children=0&hpos=23&hapos=23&sr_order=popularity&srpvid=72432266572c6a42ac0d7112df2f3048&srepoch=1770874425&all_sr_blocks=1374900601_410204282_0_42_0_907466&highlighted_blocks=1374900601_410204282_0_42_0_907466&matching_block_id=1374900601_410204282_0_42_0_907466&sr_pri_blocks=1374900601_410204282_0_42_0_907466_202670&from=searchresults
Whiteflower Cottages Vagator,Vagator,"₹ 2,640",Good,7.8,240 reviews,https://www.booking.com/hotel/in/whiteflower-cottages-vagator.html?label=gen173nr-10CAEoggI46AdIM1gEaGyIAQGYATO4ARfIAQzYAQPoAQH4AQGIAgGoAgG4Au7DlcwGwAIB0gIkMTFiZTlkNWYtMWU1MC00NTI5LWJjZmItZTVjNWQ1YzhkYTBm2AIB4AIB&aid=304142&ucfs=1&arphpl=1&checkin=2026-02-22&checkout=2026-02-23&dest_id=4127&dest_type=region&group_adults=2&req_adults=2&no_rooms=1&group_children=0&req_children=0&hpos=24&hapos=24&sr_order=popularity&srpvid=72432266572c6a42ac0d7112df2f3048&srepoch=1770874425&all_sr_blocks=862796202_358526091_2_42_0_131292&highlighted_blocks=862796202_358526091_2_42_0_131292&matching_block_id=862796202_358526091_2_42_0_131292&sr_pri_blocks=862796202_358526091_2_42_0_131292_264000&from=searchresults
Blue rays,Calangute,"₹ 1,529",Review score,6.7,160 reviews,https://www.booking.com/hotel/in/blue-rays.html?label=gen173nr-10CAEoggI46AdIM1gEaGyIAQGYATO4ARfIAQzYAQPoAQH4AQGIAgGoAgG4Au7DlcwGwAIB0gIkMTFiZTlkNWYtMWU1MC00NTI5LWJjZmItZTVjNWQ1YzhkYTBm2AIB4AIB&aid=304142&ucfs=1&arphpl=1&checkin=2026-02-22&checkout=2026-02-23&dest_id=4127&dest_type=region&group_adults=2&req_adults=2&no_rooms=1&group_children=0&req_children=0&hpos=25&hapos=25&sr_order=popularity&srpvid=72432266572c6a42ac0d7112df2f3048&srepoch=1770874425&all_sr_blocks=812124101_364936688_2_42_0&highlighted_blocks=812124101_364936688_2_42_0&matching_block_id=812124101_364936688_2_42_0&sr_pri_blocks=812124101_364936688_2_42_0__152924&from=searchresults
Treebo Morjim Banyan Resort near Beach,Morjim,"₹ 2,194",Good,7.1,82 reviews,https://www.booking.com/hotel/in/treebo-trend-morjim-banyan-resort.html?label=gen173nr-10CAEoggI46AdIM1gEaGyIAQGYATO4ARfIAQzYAQPoAQH4AQGIAgGoAgG4Au7DlcwGwAIB0gIkMTFiZTlkNWYtMWU1MC00NTI5LWJjZmItZTVjNWQ1YzhkYTBm2AIB4AIB&aid=304142&ucfs=1&arphpl=1&checkin=2026-02-22&checkout=2026-02-23&dest_id=4127&dest_type=region&group_adults=2&req_adults=2&no_rooms=1&group_children=0&req_children=0&hpos=26&hapos=26&sr_order=popularity&srpvid=72432266572c6a42ac0d7112df2f3048&srepoch=1770874425&all_sr_blocks=597002401_400593150_2_0_0_1348207&highlighted_blocks=597002401_400593150_2_0_0_1348207&matching_block_id=597002401_400593150_2_0_0_1348207&sr_pri_blocks=597002401_400593150_2_0_0_1348207_219427&from=searchresults
